Init;initComm;gather;resAlloc;dGemm;place;mult;total
118.775943;10.241979;34.447651;7.884180;0.017428;52.750612;52.750613;235.358181
118.662766;10.185696;34.429689;7.880137;0.016964;52.672744;52.672745;235.324638
118.745427;10.189815;34.543281;7.350738;0.000325;52.609750;52.609750;234.726105
118.622001;10.123393;34.512577;7.307713;0.000302;52.543303;52.543304;234.624552
